{"edge_mean": [0.0, 0.0, 0.0, 0.25000011920928955], "edge_std": [0.17449553310871124, 0.17902877926826477, 0.0, 1.1920931797249068e-07]}