{"C_mean": [31.363405227661133], "power_top_mean": [76.14484405517578], "power_bottom_mean": [76.14483642578125], "maxC_mean": [90.07909393310547], "C_std": [2.1609437465667725], "power_top_std": [49.460933685302734], "power_bottom_std": [49.460933685302734], "maxC_std": [22.73744010925293]}